[{"model": "admin.logentry", "pk": 1, "fields": {"action_time": "2023-04-15T02:35:23.778Z", "user": 1, "content_type": 7, "object_id": "19", "object_repr": "(19): Garden Stay", "action_flag": 3, "change_message": ""}}, {"model": "admin.logentry", "pk": 2, "fields": {"action_time": "2023-04-15T02:35:23.782Z", "user": 1, "content_type": 7, "object_id": "18", "object_repr": "(18): Garden Stay", "action_flag": 3, "change_message": ""}}, {"model": "admin.logentry", "pk": 3, "fields": {"action_time": "2023-04-15T02:35:23.783Z", "user": 1, "content_type": 7, "object_id": "17", "object_repr": "(17): Garden Stay", "action_flag": 3, "change_message": ""}}, {"model": "admin.logentry", "pk": 4, "fields": {"action_time": "2023-04-15T02:35:23.784Z", "user": 1, "content_type": 7, "object_id": "16", "object_repr": "(16): Garden Stay", "action_flag": 3, "change_message": ""}}, {"model": "admin.logentry", "pk": 5, "fields": {"action_time": "2023-04-15T02:35:23.786Z", "user": 1, "content_type": 7, "object_id": "15", "object_repr": "(15): Garden Stay", "action_flag": 3, "change_message": ""}}, {"model": "admin.logentry", "pk": 6, "fields": {"action_time": "2023-04-15T02:35:23.787Z", "user": 1, "content_type": 7, "object_id": "14", "object_repr": "(14): Garden Stay", "action_flag": 3, "change_message": ""}}, {"model": "admin.logentry", "pk": 7, "fields": {"action_time": "2023-04-15T02:35:23.788Z", "user": 1, "content_type": 7, "object_id": "13", "object_repr": "(13): Garden Stay", "action_flag": 3, "change_message": ""}}, {"model": "admin.logentry", "pk": 8, "fields": {"action_time": "2023-04-15T02:35:23.790Z", "user": 1, "content_type": 7, "object_id": "12", "object_repr": "(12): Garden Stay", "action_flag": 3, "change_message": ""}}, {"model": "admin.logentry", "pk": 9, "fields": {"action_time": "2023-04-15T02:35:23.791Z", "user": 1, "content_type": 7, "object_id": "11", "object_repr": "(11): Garden Stay", "action_flag": 3, "change_message": ""}}, {"model": "admin.logentry", "pk": 10, "fields": {"action_time": "2023-04-15T02:35:23.792Z", "user": 1, "content_type": 7, "object_id": "10", "object_repr": "(10): Garden Stay", "action_flag": 3, "change_message": ""}}, {"model": "admin.logentry", "pk": 11, "fields": {"action_time": "2023-04-15T02:35:23.794Z", "user": 1, "content_type": 7, "object_id": "9", "object_repr": "(9): Garden Stay", "action_flag": 3, "change_message": ""}}, {"model": "admin.logentry", "pk": 12, "fields": {"action_time": "2023-04-15T02:35:23.795Z", "user": 1, "content_type": 7, "object_id": "8", "object_repr": "(8): Garden Stay", "action_flag": 3, "change_message": ""}}, {"model": "admin.logentry", "pk": 13, "fields": {"action_time": "2023-04-15T02:35:23.796Z", "user": 1, "content_type": 7, "object_id": "7", "object_repr": "(7): Garden Stay", "action_flag": 3, "change_message": ""}}, {"model": "admin.logentry", "pk": 14, "fields": {"action_time": "2023-04-15T02:35:23.796Z", "user": 1, "content_type": 7, "object_id": "6", "object_repr": "(6): Garden Stay", "action_flag": 3, "change_message": ""}}, {"model": "admin.logentry", "pk": 15, "fields": {"action_time": "2023-04-15T03:33:55.978Z", "user": 1, "content_type": 8, "object_id": "1", "object_repr": "Beautiful Modern Stay: 2023-04-15 to 2024-04-30", "action_flag": 2, "change_message": "[{\"changed\": {\"fields\": [\"End date\"]}}]"}}, {"model": "auth.permission", "pk": 1, "fields": {"name": "Can add log entry", "content_type": 1, "codename": "add_logentry"}}, {"model": "auth.permission", "pk": 2, "fields": {"name": "Can change log entry", "content_type": 1, "codename": "change_logentry"}}, {"model": "auth.permission", "pk": 3, "fields": {"name": "Can delete log entry", "content_type": 1, "codename": "delete_logentry"}}, {"model": "auth.permission", "pk": 4, "fields": {"name": "Can view log entry", "content_type": 1, "codename": "view_logentry"}}, {"model": "auth.permission", "pk": 5, "fields": {"name": "Can add permission", "content_type": 2, "codename": "add_permission"}}, {"model": "auth.permission", "pk": 6, "fields": {"name": "Can change permission", "content_type": 2, "codename": "change_permission"}}, {"model": "auth.permission", "pk": 7, "fields": {"name": "Can delete permission", "content_type": 2, "codename": "delete_permission"}}, {"model": "auth.permission", "pk": 8, "fields": {"name": "Can view permission", "content_type": 2, "codename": "view_permission"}}, {"model": "auth.permission", "pk": 9, "fields": {"name": "Can add group", "content_type": 3, "codename": "add_group"}}, {"model": "auth.permission", "pk": 10, "fields": {"name": "Can change group", "content_type": 3, "codename": "change_group"}}, {"model": "auth.permission", "pk": 11, "fields": {"name": "Can delete group", "content_type": 3, "codename": "delete_group"}}, {"model": "auth.permission", "pk": 12, "fields": {"name": "Can view group", "content_type": 3, "codename": "view_group"}}, {"model": "auth.permission", "pk": 13, "fields": {"name": "Can add content type", "content_type": 4, "codename": "add_contenttype"}}, {"model": "auth.permission", "pk": 14, "fields": {"name": "Can change content type", "content_type": 4, "codename": "change_contenttype"}}, {"model": "auth.permission", "pk": 15, "fields": {"name": "Can delete content type", "content_type": 4, "codename": "delete_contenttype"}}, {"model": "auth.permission", "pk": 16, "fields": {"name": "Can view content type", "content_type": 4, "codename": "view_contenttype"}}, {"model": "auth.permission", "pk": 17, "fields": {"name": "Can add session", "content_type": 5, "codename": "add_session"}}, {"model": "auth.permission", "pk": 18, "fields": {"name": "Can change session", "content_type": 5, "codename": "change_session"}}, {"model": "auth.permission", "pk": 19, "fields": {"name": "Can delete session", "content_type": 5, "codename": "delete_session"}}, {"model": "auth.permission", "pk": 20, "fields": {"name": "Can view session", "content_type": 5, "codename": "view_session"}}, {"model": "auth.permission", "pk": 21, "fields": {"name": "Can add user", "content_type": 6, "codename": "add_user"}}, {"model": "auth.permission", "pk": 22, "fields": {"name": "Can change user", "content_type": 6, "codename": "change_user"}}, {"model": "auth.permission", "pk": 23, "fields": {"name": "Can delete user", "content_type": 6, "codename": "delete_user"}}, {"model": "auth.permission", "pk": 24, "fields": {"name": "Can view user", "content_type": 6, "codename": "view_user"}}, {"model": "auth.permission", "pk": 25, "fields": {"name": "Can add home", "content_type": 7, "codename": "add_home"}}, {"model": "auth.permission", "pk": 26, "fields": {"name": "Can change home", "content_type": 7, "codename": "change_home"}}, {"model": "auth.permission", "pk": 27, "fields": {"name": "Can delete home", "content_type": 7, "codename": "delete_home"}}, {"model": "auth.permission", "pk": 28, "fields": {"name": "Can view home", "content_type": 7, "codename": "view_home"}}, {"model": "auth.permission", "pk": 29, "fields": {"name": "Can add price", "content_type": 8, "codename": "add_price"}}, {"model": "auth.permission", "pk": 30, "fields": {"name": "Can change price", "content_type": 8, "codename": "change_price"}}, {"model": "auth.permission", "pk": 31, "fields": {"name": "Can delete price", "content_type": 8, "codename": "delete_price"}}, {"model": "auth.permission", "pk": 32, "fields": {"name": "Can view price", "content_type": 8, "codename": "view_price"}}, {"model": "auth.permission", "pk": 33, "fields": {"name": "Can add images", "content_type": 9, "codename": "add_images"}}, {"model": "auth.permission", "pk": 34, "fields": {"name": "Can change images", "content_type": 9, "codename": "change_images"}}, {"model": "auth.permission", "pk": 35, "fields": {"name": "Can delete images", "content_type": 9, "codename": "delete_images"}}, {"model": "auth.permission", "pk": 36, "fields": {"name": "Can view images", "content_type": 9, "codename": "view_images"}}, {"model": "auth.permission", "pk": 37, "fields": {"name": "Can add reservation", "content_type": 10, "codename": "add_reservation"}}, {"model": "auth.permission", "pk": 38, "fields": {"name": "Can change reservation", "content_type": 10, "codename": "change_reservation"}}, {"model": "auth.permission", "pk": 39, "fields": {"name": "Can delete reservation", "content_type": 10, "codename": "delete_reservation"}}, {"model": "auth.permission", "pk": 40, "fields": {"name": "Can view reservation", "content_type": 10, "codename": "view_reservation"}}, {"model": "auth.permission", "pk": 41, "fields": {"name": "Can add notification", "content_type": 11, "codename": "add_notification"}}, {"model": "auth.permission", "pk": 42, "fields": {"name": "Can change notification", "content_type": 11, "codename": "change_notification"}}, {"model": "auth.permission", "pk": 43, "fields": {"name": "Can delete notification", "content_type": 11, "codename": "delete_notification"}}, {"model": "auth.permission", "pk": 44, "fields": {"name": "Can view notification", "content_type": 11, "codename": "view_notification"}}, {"model": "auth.permission", "pk": 45, "fields": {"name": "Can add comment", "content_type": 12, "codename": "add_comment"}}, {"model": "auth.permission", "pk": 46, "fields": {"name": "Can change comment", "content_type": 12, "codename": "change_comment"}}, {"model": "auth.permission", "pk": 47, "fields": {"name": "Can delete comment", "content_type": 12, "codename": "delete_comment"}}, {"model": "auth.permission", "pk": 48, "fields": {"name": "Can view comment", "content_type": 12, "codename": "view_comment"}}, {"model": "auth.permission", "pk": 49, "fields": {"name": "Can add response", "content_type": 13, "codename": "add_response"}}, {"model": "auth.permission", "pk": 50, "fields": {"name": "Can change response", "content_type": 13, "codename": "change_response"}}, {"model": "auth.permission", "pk": 51, "fields": {"name": "Can delete response", "content_type": 13, "codename": "delete_response"}}, {"model": "auth.permission", "pk": 52, "fields": {"name": "Can view response", "content_type": 13, "codename": "view_response"}}, {"model": "contenttypes.contenttype", "pk": 1, "fields": {"app_label": "admin", "model": "logentry"}}, {"model": "contenttypes.contenttype", "pk": 2, "fields": {"app_label": "auth", "model": "permission"}}, {"model": "contenttypes.contenttype", "pk": 3, "fields": {"app_label": "auth", "model": "group"}}, {"model": "contenttypes.contenttype", "pk": 4, "fields": {"app_label": "contenttypes", "model": "contenttype"}}, {"model": "contenttypes.contenttype", "pk": 5, "fields": {"app_label": "sessions", "model": "session"}}, {"model": "contenttypes.contenttype", "pk": 6, "fields": {"app_label": "account", "model": "user"}}, {"model": "contenttypes.contenttype", "pk": 7, "fields": {"app_label": "homes", "model": "home"}}, {"model": "contenttypes.contenttype", "pk": 8, "fields": {"app_label": "homes", "model": "price"}}, {"model": "contenttypes.contenttype", "pk": 9, "fields": {"app_label": "homes", "model": "images"}}, {"model": "contenttypes.contenttype", "pk": 10, "fields": {"app_label": "homes", "model": "reservation"}}, {"model": "contenttypes.contenttype", "pk": 11, "fields": {"app_label": "notifications", "model": "notification"}}, {"model": "contenttypes.contenttype", "pk": 12, "fields": {"app_label": "comments", "model": "comment"}}, {"model": "contenttypes.contenttype", "pk": 13, "fields": {"app_label": "comments", "model": "response"}}, {"model": "sessions.session", "pk": "b53poo50nqpiztln2tb0kp456k45c7ny", "fields": {"session_data": ".eJxVjEEOwiAQRe_C2pAiMENduu8ZyMCAVA0kpV0Z765NutDtf-_9l_C0rcVvPS1-ZnERSpx-t0DxkeoO-E711mRsdV3mIHdFHrTLqXF6Xg_376BQL986DyZYskTWgIpudMwZEzoNqHJiZiQEzQrAEURDA57JaQ2jQ8hotXh_AOzMN5Q:1pnUy5:H83o9pivJ5wHwYBKrl2gE9Yj4HhYQHuBFSz9xTU0Nl4", "expire_date": "2023-04-29T01:44:45.410Z"}}, {"model": "account.user", "pk": 1, "fields": {"password": "pbkdf2_sha256$390000$Pga6y2ZcKEpUu1R194c6LE$ZrXcVvw8JlPRghTAXe7RmfmBqDzMvILFolqRLOGY3Y8=", "last_login": "2023-04-15T01:44:45.408Z", "is_superuser": true, "username": "superusername", "first_name": "", "last_name": "", "email": "", "is_staff": true, "is_active": true, "date_joined": "2023-04-15T01:44:03.188Z", "phone": "", "about": "", "rating_sum": 0, "rating_number": 0, "profile_pic": "profile/default.jpg", "groups": [], "user_permissions": []}}, {"model": "account.user", "pk": 2, "fields": {"password": "pbkdf2_sha256$390000$xKSUwPZfj6wG3N9SzlAvwd$fCIlEPh2/43A8mZf7FvQSBxONzor3TvbEm5cUqkDYQM=", "last_login": null, "is_superuser": false, "username": "jacksun", "first_name": "Jack", "last_name": "Sun", "email": "markus@markus.markus", "is_staff": false, "is_active": true, "date_joined": "2023-04-15T02:01:12.666Z", "phone": "4165559054", "about": "", "rating_sum": 0, "rating_number": 0, "profile_pic": "profile/default.jpg", "groups": [], "user_permissions": []}}, {"model": "account.user", "pk": 3, "fields": {"password": "pbkdf2_sha256$390000$AUG0Uunc0n3piYFUaeFMnP$B8gOFSlxul3QQeUM7uGZrYxd8G03vmXebma34IZBuJ4=", "last_login": null, "is_superuser": false, "username": "Barbs2009", "first_name": "Barbara", "last_name": "Rochelle", "email": "b.rochelle@gmail.com", "is_staff": false, "is_active": true, "date_joined": "2023-04-15T02:05:10.131Z", "phone": "8605558349", "about": "", "rating_sum": 0, "rating_number": 0, "profile_pic": "profile/default.jpg", "groups": [], "user_permissions": []}}, {"model": "account.user", "pk": 4, "fields": {"password": "pbkdf2_sha256$390000$TXEQpiswBWQ6OEMM3wrC7Q$st4ja34IobdKt7oCQnT1Igu5xbJR7y31hJXvb5QZt3I=", "last_login": null, "is_superuser": false, "username": "heisenberg3828", "first_name": "Walter", "last_name": "White", "email": "i.am.not.heisenberg@gusfring.com", "is_staff": false, "is_active": true, "date_joined": "2023-04-15T02:13:11.155Z", "phone": "5055553828", "about": "", "rating_sum": 0, "rating_number": 0, "profile_pic": "profile/default.jpg", "groups": [], "user_permissions": []}}, {"model": "account.user", "pk": 5, "fields": {"password": "pbkdf2_sha256$390000$v8xeECXEFmsaEVDrV6xoIS$KKA6WRyz7Bfsuuzm1uOiKBUqcz0x4Dw1APt2n2FpkN0=", "last_login": null, "is_superuser": false, "username": "group2257", "first_name": "React", "last_name": "Renters", "email": "experts@react.js", "is_staff": false, "is_active": true, "date_joined": "2023-04-15T02:16:33.206Z", "phone": "4165552257", "about": "", "rating_sum": 0, "rating_number": 0, "profile_pic": "profile/default.jpg", "groups": [], "user_permissions": []}}, {"model": "homes.home", "pk": 1, "fields": {"name": "City Living", "description": "A great stay in the heart of Downtown Toronto", "baths": 1, "beds": 2, "guests": 3, "street_address": "300 Queens Street", "city": "Toronto", "state": "ON", "country": "CA", "date_added": "2023-04-15T02:20:07.409Z", "image": "homes/property11.webp", "owner": 2, "rating_sum": 0, "rating_number": 0}}, {"model": "homes.home", "pk": 2, "fields": {"name": "Toronto Midtown Appartment", "description": "An apartment in a beautiful high rise, right in midtown. Walking distance to Metro and Shoppers. Beautiful view", "baths": 1, "beds": 1, "guests": 2, "street_address": "26 Dupont Street", "city": "Toronto", "state": "ON", "country": "CA", "date_added": "2023-04-15T02:22:04.336Z", "image": "homes/property12.jpeg", "owner": 2, "rating_sum": 0, "rating_number": 0}}, {"model": "homes.home", "pk": 3, "fields": {"name": "Skyscraper Stay", "description": "Come stay at one of the most distinct buildings in Toronto.", "baths": 1, "beds": 1, "guests": 1, "street_address": "43 Front Street", "city": "Toronto", "state": "ON", "country": "CA", "date_added": "2023-04-15T02:26:26.101Z", "image": "homes/property13_LV17T8L.jpeg", "owner": 2, "rating_sum": 0, "rating_number": 0}}, {"model": "homes.home", "pk": 4, "fields": {"name": "Private House Near U of T", "description": "A modern private house right next to the University of Toronto. Great places to visit nearby", "baths": 1, "beds": 3, "guests": 5, "street_address": "188 Borden Street", "city": "Toronto", "state": "ON", "country": "CA", "date_added": "2023-04-15T02:30:57.617Z", "image": "homes/property14.webp", "owner": 2, "rating_sum": 0, "rating_number": 0}}, {"model": "homes.home", "pk": 5, "fields": {"name": "Garden Stay", "description": "A home with a beautiful garden in Toronto", "baths": 1, "beds": 2, "guests": 4, "street_address": "20 Sussex Avenue", "city": "Toronto", "state": "ON", "country": "CA", "date_added": "2023-04-15T02:33:10.665Z", "image": "homes/property15.jpeg", "owner": 2, "rating_sum": 0, "rating_number": 0}}, {"model": "homes.home", "pk": 20, "fields": {"name": "Beautiful Modern Stay", "description": "A nice modern stay, can't you tell?", "baths": 1, "beds": 5, "guests": 5, "street_address": "200 Oak Street", "city": "Santa Ana", "state": "CA", "country": "US", "date_added": "2023-04-15T02:49:55.124Z", "image": "homes/property1.jpeg", "owner": 3, "rating_sum": 0, "rating_number": 0}}, {"model": "homes.home", "pk": 21, "fields": {"name": "Countryside Stay", "description": "We have beautiful land", "baths": 1, "beds": 3, "guests": 4, "street_address": "86 Cowboy Road", "city": "Hartford", "state": "KY", "country": "US", "date_added": "2023-04-15T02:50:55.651Z", "image": "homes/property2.jpeg", "owner": 3, "rating_sum": 0, "rating_number": 0}}, {"model": "homes.home", "pk": 22, "fields": {"name": "Beautiful Wooden Stay", "description": "A Woodside stay in the forests of Akron, Colorodo", "baths": 1, "beds": 4, "guests": 4, "street_address": "4 Acorn Street", "city": "Akron", "state": "CO", "country": "US", "date_added": "2023-04-15T02:51:49.500Z", "image": "homes/property3.jpeg", "owner": 3, "rating_sum": 0, "rating_number": 0}}, {"model": "homes.home", "pk": 23, "fields": {"name": "Beautiful Floridian Home", "description": "", "baths": 1, "beds": 1, "guests": 1, "street_address": "31 Beach Drive", "city": "Cocoa Beach", "state": "FL", "country": "US", "date_added": "2023-04-15T02:52:40.779Z", "image": "homes/property4.jpeg", "owner": 3, "rating_sum": 0, "rating_number": 0}}, {"model": "homes.home", "pk": 24, "fields": {"name": "Desert Diamond", "description": "A diamond in the rough", "baths": 1, "beds": 1, "guests": 1, "street_address": "20 Los Robles Avenue", "city": "Pahrump", "state": "NV", "country": "US", "date_added": "2023-04-15T02:54:55.030Z", "image": "homes/property5.jpeg", "owner": 3, "rating_sum": 0, "rating_number": 0}}, {"model": "homes.home", "pk": 25, "fields": {"name": "Crystal Rock", "description": "A wacky home in the desert. Trust me you'll be fine", "baths": 1, "beds": 1, "guests": 1, "street_address": "0 Noroad Lane", "city": "Angel Fire", "state": "NM", "country": "US", "date_added": "2023-04-15T02:56:12.262Z", "image": "homes/property6.jpeg", "owner": 4, "rating_sum": 0, "rating_number": 0}}, {"model": "homes.home", "pk": 26, "fields": {"name": "Poolside in Nevada", "description": "", "baths": 1, "beds": 1, "guests": 1, "street_address": "30 Arenal Road", "city": "Albuquerque", "state": "NM", "country": "US", "date_added": "2023-04-15T03:04:35.189Z", "image": "homes/property7.jpeg", "owner": 4, "rating_sum": 0, "rating_number": 0}}, {"model": "homes.home", "pk": 27, "fields": {"name": "Modern Chic in the Desert", "description": "A modern home with a wonderful pool and the best scenery. You can't go wrong!", "baths": 1, "beds": 2, "guests": 3, "street_address": "61 Andante Trail", "city": "Alamogordo", "state": "NM", "country": "US", "date_added": "2023-04-15T03:05:51.759Z", "image": "homes/property8.jpeg", "owner": 4, "rating_sum": 0, "rating_number": 0}}, {"model": "homes.home", "pk": 28, "fields": {"name": "Mountain Desert Gem", "description": "A beautiful home with a view of the Rocky Mountains", "baths": 1, "beds": 3, "guests": 4, "street_address": "39 Camino Viejo", "city": "Agua Fria", "state": "NM", "country": "US", "date_added": "2023-04-15T03:09:10.088Z", "image": "homes/property9.jpeg", "owner": 4, "rating_sum": 0, "rating_number": 0}}, {"model": "homes.home", "pk": 29, "fields": {"name": "Sunset Stay", "description": "You will witness the most breathtaking sunset of your entire life. Trust me bro.", "baths": 1, "beds": 3, "guests": 5, "street_address": "42 Enchanted Sky Lane", "city": "White Rock", "state": "NM", "country": "US", "date_added": "2023-04-15T03:10:43.055Z", "image": "homes/property10.jpeg", "owner": 4, "rating_sum": 0, "rating_number": 0}}, {"model": "homes.home", "pk": 30, "fields": {"name": "Ancestral Hut", "description": "Return to your ancestral roots with the quaint hut in American Samoa", "baths": 1, "beds": 1, "guests": 1, "street_address": "24 Noway Lane", "city": "", "state": "undefined", "country": "AS", "date_added": "2023-04-15T03:16:05.517Z", "image": "homes/property19.jpeg", "owner": 3, "rating_sum": 0, "rating_number": 0}}, {"model": "homes.home", "pk": 31, "fields": {"name": "Snowy Swedish Stay", "description": "", "baths": 1, "beds": 1, "guests": 3, "street_address": "101 Snowy Lane", "city": "Gnarp", "state": "X", "country": "SE", "date_added": "2023-04-15T03:20:53.177Z", "image": "homes/property16.jpeg", "owner": 3, "rating_sum": 0, "rating_number": 0}}, {"model": "homes.home", "pk": 32, "fields": {"name": "Mexican Dream Home", "description": "Live the life of luxury in this Mexican mansion.", "baths": 1, "beds": 5, "guests": 5, "street_address": "53 Avenida Juárez", "city": "Cahuatache", "state": "GRO", "country": "MX", "date_added": "2023-04-15T03:23:58.909Z", "image": "homes/property17.jpeg", "owner": 3, "rating_sum": 0, "rating_number": 0}}, {"model": "homes.home", "pk": 33, "fields": {"name": "Waterfront Home", "description": "Easy access to water", "baths": 1, "beds": 1, "guests": 3, "street_address": "1 River Way", "city": "Alto Rio Novo", "state": "ES", "country": "BR", "date_added": "2023-04-15T03:25:14.885Z", "image": "homes/property18.jpeg", "owner": 3, "rating_sum": 0, "rating_number": 0}}, {"model": "homes.home", "pk": 34, "fields": {"name": "Topsy Turvy", "description": "This home will flip your life upside down!", "baths": 1, "beds": 3, "guests": 5, "street_address": "20 Upside-Down Avenue", "city": "Carrollton", "state": "OH", "country": "US", "date_added": "2023-04-15T03:26:16.461Z", "image": "homes/property20.jpeg", "owner": 3, "rating_sum": 0, "rating_number": 0}}, {"model": "homes.price", "pk": 1, "fields": {"home": 20, "price": 500.0, "start_date": "2023-04-15", "end_date": "2024-04-30"}}, {"model": "homes.price", "pk": 2, "fields": {"home": 21, "price": 600.0, "start_date": "2023-04-15", "end_date": "2024-08-31"}}, {"model": "homes.price", "pk": 3, "fields": {"home": 22, "price": 845.0, "start_date": "2023-04-15", "end_date": "2024-02-29"}}, {"model": "homes.price", "pk": 4, "fields": {"home": 23, "price": 1420.0, "start_date": "2023-04-15", "end_date": "2024-01-31"}}, {"model": "homes.price", "pk": 5, "fields": {"home": 24, "price": 641.0, "start_date": "2023-04-15", "end_date": "2023-06-30"}}, {"model": "homes.price", "pk": 6, "fields": {"home": 30, "price": 200.0, "start_date": "2023-06-01", "end_date": "2023-11-01"}}, {"model": "homes.price", "pk": 7, "fields": {"home": 31, "price": 2054.0, "start_date": "2023-04-15", "end_date": "2023-10-01"}}, {"model": "homes.price", "pk": 8, "fields": {"home": 32, "price": 1598.0, "start_date": "2023-12-01", "end_date": "2024-02-29"}}, {"model": "homes.price", "pk": 9, "fields": {"home": 33, "price": 10.0, "start_date": "2023-04-15", "end_date": "2023-05-31"}}, {"model": "homes.price", "pk": 10, "fields": {"home": 34, "price": 2222.0, "start_date": "2023-04-15", "end_date": "2023-05-31"}}, {"model": "homes.price", "pk": 11, "fields": {"home": 1, "price": 300.0, "start_date": "2023-04-15", "end_date": "2023-06-10"}}, {"model": "homes.price", "pk": 12, "fields": {"home": 2, "price": 256.0, "start_date": "2023-04-15", "end_date": "2023-06-09"}}, {"model": "homes.price", "pk": 13, "fields": {"home": 3, "price": 302.0, "start_date": "2023-04-15", "end_date": "2023-06-16"}}, {"model": "homes.price", "pk": 14, "fields": {"home": 4, "price": 165.0, "start_date": "2023-04-15", "end_date": "2024-09-30"}}, {"model": "homes.price", "pk": 15, "fields": {"home": 5, "price": 123.0, "start_date": "2023-04-15", "end_date": "2023-07-31"}}, {"model": "homes.price", "pk": 16, "fields": {"home": 25, "price": 30405.0, "start_date": "2023-04-15", "end_date": "2023-04-30"}}, {"model": "homes.price", "pk": 17, "fields": {"home": 26, "price": 203.0, "start_date": "2023-04-15", "end_date": "2023-07-31"}}, {"model": "homes.price", "pk": 18, "fields": {"home": 27, "price": 2033.0, "start_date": "2023-04-15", "end_date": "2023-09-30"}}, {"model": "homes.price", "pk": 19, "fields": {"home": 28, "price": 1345.0, "start_date": "2023-04-23", "end_date": "2023-06-29"}}, {"model": "homes.price", "pk": 20, "fields": {"home": 29, "price": 560.0, "start_date": "2023-06-01", "end_date": "2023-08-31"}}, {"model": "homes.images", "pk": 1, "fields": {"home": 21, "image": "home_images/field.jpg", "alt": "Our backyard field"}}, {"model": "homes.images", "pk": 2, "fields": {"home": 21, "image": "home_images/tree-g825583dbe_1280.jpg", "alt": "A tree"}}, {"model": "homes.images", "pk": 3, "fields": {"home": 21, "image": "home_images/modernist-decor-inspiration-01.jpg.webp", "alt": "interior design"}}, {"model": "homes.images", "pk": 4, "fields": {"home": 31, "image": "home_images/aurora-g62d53d9b3_1920.jpg", "alt": "Aurora"}}, {"model": "homes.reservation", "pk": 1, "fields": {"home": 22, "renter": 3, "start_date": "2023-04-22", "end_date": "2023-04-27", "expiry_date": "2023-04-17", "status": 0}}, {"model": "homes.reservation", "pk": 2, "fields": {"home": 1, "renter": 5, "start_date": "2023-04-22", "end_date": "2023-04-28", "expiry_date": "2023-04-17", "status": 0}}, {"model": "notifications.notification", "pk": 1, "fields": {"message": "New reservation for Beautiful Wooden Stay from 2023-04-22 to 2023-04-27", "content_type": 10, "object_id": 1, "notifee": 3, "notif_link": "http://127.0.0.1:8000/homes/22/reservations/1/details/", "date": "2023-04-15T03:38:40.608Z", "read": false}}, {"model": "notifications.notification", "pk": 2, "fields": {"message": "New reservation for City Living from 2023-04-22 to 2023-04-28", "content_type": 10, "object_id": 2, "notifee": 2, "notif_link": "http://127.0.0.1:8000/homes/1/reservations/2/details/", "date": "2023-04-15T03:46:54.397Z", "read": false}}]