[{"model": "admin.logentry", "pk": 1, "fields": {"action_time": "2023-03-12T22:59:12.407Z", "user": 1, "content_type": 7, "object_id": "6", "object_repr": "(6): LA Living!", "action_flag": 2, "change_message": "[{\"changed\": {\"fields\": [\"Street address\"]}}]"}}, {"model": "admin.logentry", "pk": 2, "fields": {"action_time": "2023-03-12T22:59:18.343Z", "user": 1, "content_type": 7, "object_id": "5", "object_repr": "(5): University of Toronto", "action_flag": 2, "change_message": "[{\"changed\": {\"fields\": [\"Street address\"]}}]"}}, {"model": "admin.logentry", "pk": 3, "fields": {"action_time": "2023-03-12T23:02:00.267Z", "user": 1, "content_type": 7, "object_id": "9", "object_repr": "(9): Apple", "action_flag": 2, "change_message": "[{\"changed\": {\"fields\": [\"Name\"]}}]"}}, {"model": "admin.logentry", "pk": 4, "fields": {"action_time": "2023-03-12T23:38:07.079Z", "user": 1, "content_type": 10, "object_id": "1", "object_repr": "(1): billyjoel's reservation of (1): Waterfront Cabin", "action_flag": 2, "change_message": "[{\"changed\": {\"fields\": [\"Start date\"]}}]"}}, {"model": "admin.logentry", "pk": 5, "fields": {"action_time": "2023-03-12T23:41:00.340Z", "user": 1, "content_type": 10, "object_id": "4", "object_repr": "(4): jacksun's reservation of (9): Apple", "action_flag": 2, "change_message": "[{\"changed\": {\"fields\": [\"Expiry date\"]}}]"}}, {"model": "admin.logentry", "pk": 6, "fields": {"action_time": "2023-03-12T23:44:12.855Z", "user": 1, "content_type": 10, "object_id": "4", "object_repr": "(4): jacksun's reservation of (9): Apple", "action_flag": 2, "change_message": "[{\"changed\": {\"fields\": [\"Start date\", \"End date\", \"Expiry date\", \"Status\"]}}]"}}, {"model": "admin.logentry", "pk": 7, "fields": {"action_time": "2023-03-13T00:04:52.045Z", "user": 1, "content_type": 13, "object_id": "2", "object_repr": "(2): group2257's comment of (1): group2257's comment of (1): jacksun's comment of (9): Apple", "action_flag": 3, "change_message": ""}}, {"model": "admin.logentry", "pk": 8, "fields": {"action_time": "2023-03-13T00:08:14.543Z", "user": 1, "content_type": 11, "object_id": "1", "object_repr": "(1): jacksun notification about (1): billyjoel's reservation of (1): Waterfront Cabin", "action_flag": 2, "change_message": "[{\"changed\": {\"fields\": [\"Read\"]}}]"}}, {"model": "admin.logentry", "pk": 9, "fields": {"action_time": "2023-03-13T00:08:19.577Z", "user": 1, "content_type": 11, "object_id": "2", "object_repr": "(2): jacksun notification about (2): brakence's reservation of (2): Cozy Toronto Stay", "action_flag": 2, "change_message": "[{\"changed\": {\"fields\": [\"Read\"]}}]"}}, {"model": "admin.logentry", "pk": 10, "fields": {"action_time": "2023-03-13T00:15:32.229Z", "user": 1, "content_type": 10, "object_id": "3", "object_repr": "(3): brakence's reservation of (3): Midtown stay", "action_flag": 2, "change_message": "[]"}}, {"model": "admin.logentry", "pk": 11, "fields": {"action_time": "2023-03-13T00:15:43.333Z", "user": 1, "content_type": 10, "object_id": "4", "object_repr": "(4): jacksun's reservation of (9): Apple", "action_flag": 2, "change_message": "[]"}}, {"model": "admin.logentry", "pk": 12, "fields": {"action_time": "2023-03-13T00:15:55.026Z", "user": 1, "content_type": 10, "object_id": "3", "object_repr": "(3): brakence's reservation of (3): Midtown stay", "action_flag": 2, "change_message": "[{\"changed\": {\"fields\": [\"Status\"]}}]"}}, {"model": "admin.logentry", "pk": 13, "fields": {"action_time": "2023-03-13T00:17:22.650Z", "user": 1, "content_type": 10, "object_id": "3", "object_repr": "(3): brakence's reservation of (3): Midtown stay", "action_flag": 2, "change_message": "[]"}}, {"model": "admin.logentry", "pk": 14, "fields": {"action_time": "2023-03-13T00:17:40.207Z", "user": 1, "content_type": 10, "object_id": "4", "object_repr": "(4): jacksun's reservation of (9): Apple", "action_flag": 2, "change_message": "[{\"changed\": {\"fields\": [\"Status\"]}}]"}}, {"model": "admin.logentry", "pk": 15, "fields": {"action_time": "2023-03-13T21:23:19.887Z", "user": 1, "content_type": 12, "object_id": "1", "object_repr": "(1): jacksun's comment of (9): Apple", "action_flag": 3, "change_message": ""}}, {"model": "admin.logentry", "pk": 16, "fields": {"action_time": "2023-03-13T21:30:07.992Z", "user": 1, "content_type": 10, "object_id": "6", "object_repr": "(6): jacksun's reservation of (10): Apple Canada", "action_flag": 2, "change_message": "[]"}}, {"model": "admin.logentry", "pk": 17, "fields": {"action_time": "2023-03-13T21:31:21.460Z", "user": 1, "content_type": 11, "object_id": "8", "object_repr": "(8): jacksun notification about (6): jacksun's reservation of (10): Apple Canada", "action_flag": 2, "change_message": "[]"}}, {"model": "admin.logentry", "pk": 18, "fields": {"action_time": "2023-03-13T21:31:36.162Z", "user": 1, "content_type": 10, "object_id": "6", "object_repr": "(6): jacksun's reservation of (10): Apple Canada", "action_flag": 2, "change_message": "[{\"changed\": {\"fields\": [\"Status\"]}}]"}}, {"model": "admin.logentry", "pk": 19, "fields": {"action_time": "2023-03-13T21:32:45.314Z", "user": 1, "content_type": 11, "object_id": "7", "object_repr": "(7): group2257 notification about (6): jacksun's reservation of (10): Apple Canada", "action_flag": 2, "change_message": "[]"}}, {"model": "admin.logentry", "pk": 20, "fields": {"action_time": "2023-03-13T21:34:15.260Z", "user": 1, "content_type": 10, "object_id": "6", "object_repr": "(6): jacksun's reservation of (10): Apple Canada", "action_flag": 2, "change_message": "[{\"changed\": {\"fields\": [\"Start date\"]}}]"}}, {"model": "admin.logentry", "pk": 21, "fields": {"action_time": "2023-03-13T21:34:32.881Z", "user": 1, "content_type": 10, "object_id": "6", "object_repr": "(6): jacksun's reservation of (10): Apple Canada", "action_flag": 2, "change_message": "[{\"changed\": {\"fields\": [\"End date\"]}}]"}}, {"model": "admin.logentry", "pk": 22, "fields": {"action_time": "2023-03-13T21:35:00.241Z", "user": 1, "content_type": 10, "object_id": "6", "object_repr": "(6): jacksun's reservation of (10): Apple Canada", "action_flag": 2, "change_message": "[{\"changed\": {\"fields\": [\"Expiry date\", \"Status\"]}}]"}}, {"model": "admin.logentry", "pk": 23, "fields": {"action_time": "2023-03-13T21:51:24.156Z", "user": 1, "content_type": 11, "object_id": "11", "object_repr": "(11): jacksun notification about (6): jacksun's reservation of (10): Apple Canada", "action_flag": 2, "change_message": "[{\"changed\": {\"fields\": [\"Read\"]}}]"}}, {"model": "admin.logentry", "pk": 24, "fields": {"action_time": "2023-03-13T21:51:28.711Z", "user": 1, "content_type": 11, "object_id": "13", "object_repr": "(13): jacksun notification about (7): jacksun's reservation of (17): Availibility Demo", "action_flag": 2, "change_message": "[{\"changed\": {\"fields\": [\"Read\"]}}]"}}, {"model": "admin.logentry", "pk": 25, "fields": {"action_time": "2023-03-13T21:51:32.349Z", "user": 1, "content_type": 11, "object_id": "2", "object_repr": "(2): jacksun notification about (2): brakence's reservation of (2): Cozy Toronto Stay", "action_flag": 2, "change_message": "[{\"changed\": {\"fields\": [\"Read\"]}}]"}}, {"model": "admin.logentry", "pk": 26, "fields": {"action_time": "2023-03-13T21:51:55.453Z", "user": 1, "content_type": 11, "object_id": "10", "object_repr": "(10): group2257 notification about (6): jacksun's reservation of (10): Apple Canada", "action_flag": 2, "change_message": "[{\"changed\": {\"fields\": [\"Read\"]}}]"}}, {"model": "admin.logentry", "pk": 27, "fields": {"action_time": "2023-03-30T01:51:24.178Z", "user": 1, "content_type": 6, "object_id": "6", "object_repr": "harringtont", "action_flag": 2, "change_message": "[{\"changed\": {\"fields\": [\"password\"]}}]"}}, {"model": "admin.logentry", "pk": 28, "fields": {"action_time": "2023-03-30T01:59:34.629Z", "user": 1, "content_type": 12, "object_id": "3", "object_repr": "(3): jacksun's comment of (9): Apple", "action_flag": 3, "change_message": ""}}, {"model": "admin.logentry", "pk": 29, "fields": {"action_time": "2023-03-30T01:59:34.632Z", "user": 1, "content_type": 12, "object_id": "1", "object_repr": "(1): jacksun's comment of (9): Apple", "action_flag": 3, "change_message": ""}}, {"model": "admin.logentry", "pk": 30, "fields": {"action_time": "2023-03-30T02:01:31.796Z", "user": 1, "content_type": 12, "object_id": "4", "object_repr": "(4): jacksun's comment of (9): Apple", "action_flag": 3, "change_message": ""}}, {"model": "admin.logentry", "pk": 31, "fields": {"action_time": "2023-04-10T02:34:33.694Z", "user": 1, "content_type": 11, "object_id": "1", "object_repr": "(1): jacksun notification about (1): billyjoel's reservation of (1): Waterfront Cabin", "action_flag": 2, "change_message": "[{\"changed\": {\"fields\": [\"Read\"]}}]"}}, {"model": "admin.logentry", "pk": 32, "fields": {"action_time": "2023-04-10T03:10:14.396Z", "user": 1, "content_type": 11, "object_id": "9", "object_repr": "(9): jacksun notification about (6): jacksun's reservation of (10): Apple Canada", "action_flag": 2, "change_message": "[{\"changed\": {\"fields\": [\"Read\"]}}]"}}, {"model": "admin.logentry", "pk": 33, "fields": {"action_time": "2023-04-10T05:01:20.673Z", "user": 1, "content_type": 11, "object_id": "4", "object_repr": "(4): group2257 notification about (4): jacksun's reservation of (9): Apple", "action_flag": 2, "change_message": "[{\"changed\": {\"fields\": [\"Read\"]}}]"}}, {"model": "admin.logentry", "pk": 34, "fields": {"action_time": "2023-04-10T05:02:03.406Z", "user": 1, "content_type": 11, "object_id": "13", "object_repr": "(13): group2257 notification about superusername", "action_flag": 1, "change_message": "[{\"added\": {}}]"}}, {"model": "admin.logentry", "pk": 35, "fields": {"action_time": "2023-04-10T05:02:32.050Z", "user": 1, "content_type": 11, "object_id": "13", "object_repr": "(13): group2257 notification about superusername", "action_flag": 2, "change_message": "[]"}}, {"model": "admin.logentry", "pk": 36, "fields": {"action_time": "2023-04-10T05:02:46.889Z", "user": 1, "content_type": 11, "object_id": "14", "object_repr": "(14): group2257 notification about superusername", "action_flag": 1, "change_message": "[{\"added\": {}}]"}}, {"model": "admin.logentry", "pk": 37, "fields": {"action_time": "2023-04-10T05:03:04.341Z", "user": 1, "content_type": 11, "object_id": "15", "object_repr": "(15): group2257 notification about superusername", "action_flag": 1, "change_message": "[{\"added\": {}}]"}}, {"model": "admin.logentry", "pk": 38, "fields": {"action_time": "2023-04-10T05:03:48.202Z", "user": 1, "content_type": 11, "object_id": "16", "object_repr": "(16): group2257 notification about superusername", "action_flag": 1, "change_message": "[{\"added\": {}}]"}}, {"model": "admin.logentry", "pk": 39, "fields": {"action_time": "2023-04-10T05:03:59.603Z", "user": 1, "content_type": 11, "object_id": "17", "object_repr": "(17): group2257 notification about superusername", "action_flag": 1, "change_message": "[{\"added\": {}}]"}}, {"model": "admin.logentry", "pk": 40, "fields": {"action_time": "2023-04-10T05:04:22.814Z", "user": 1, "content_type": 11, "object_id": "18", "object_repr": "(18): harringtont notification about superusername", "action_flag": 1, "change_message": "[{\"added\": {}}]"}}, {"model": "admin.logentry", "pk": 41, "fields": {"action_time": "2023-04-10T05:04:41.365Z", "user": 1, "content_type": 11, "object_id": "19", "object_repr": "(19): group2257 notification about superusername", "action_flag": 1, "change_message": "[{\"added\": {}}]"}}, {"model": "admin.logentry", "pk": 42, "fields": {"action_time": "2023-04-10T05:31:27.755Z", "user": 1, "content_type": 11, "object_id": "19", "object_repr": "(19): group2257 notification about superusername", "action_flag": 2, "change_message": "[]"}}, {"model": "admin.logentry", "pk": 43, "fields": {"action_time": "2023-04-10T05:31:31.037Z", "user": 1, "content_type": 11, "object_id": "19", "object_repr": "(19): group2257 notification about superusername", "action_flag": 2, "change_message": "[]"}}, {"model": "admin.logentry", "pk": 44, "fields": {"action_time": "2023-04-10T05:31:36.187Z", "user": 1, "content_type": 11, "object_id": "18", "object_repr": "(18): group2257 notification about superusername", "action_flag": 2, "change_message": "[{\"changed\": {\"fields\": [\"Notifee\"]}}]"}}, {"model": "admin.logentry", "pk": 45, "fields": {"action_time": "2023-04-10T05:31:42.152Z", "user": 1, "content_type": 11, "object_id": "17", "object_repr": "(17): group2257 notification about superusername", "action_flag": 2, "change_message": "[{\"changed\": {\"fields\": [\"Read\"]}}]"}}, {"model": "admin.logentry", "pk": 46, "fields": {"action_time": "2023-04-10T05:31:44.848Z", "user": 1, "content_type": 11, "object_id": "17", "object_repr": "(17): group2257 notification about superusername", "action_flag": 2, "change_message": "[]"}}, {"model": "admin.logentry", "pk": 47, "fields": {"action_time": "2023-04-10T05:31:47.287Z", "user": 1, "content_type": 11, "object_id": "15", "object_repr": "(15): group2257 notification about superusername", "action_flag": 2, "change_message": "[{\"changed\": {\"fields\": [\"Read\"]}}]"}}, {"model": "admin.logentry", "pk": 48, "fields": {"action_time": "2023-04-10T05:31:50.104Z", "user": 1, "content_type": 11, "object_id": "14", "object_repr": "(14): group2257 notification about superusername", "action_flag": 2, "change_message": "[{\"changed\": {\"fields\": [\"Read\"]}}]"}}, {"model": "admin.logentry", "pk": 49, "fields": {"action_time": "2023-04-10T05:31:55.321Z", "user": 1, "content_type": 11, "object_id": "13", "object_repr": "(13): group2257 notification about superusername", "action_flag": 2, "change_message": "[{\"changed\": {\"fields\": [\"Read\"]}}]"}}, {"model": "admin.logentry", "pk": 50, "fields": {"action_time": "2023-04-10T06:02:56.578Z", "user": 1, "content_type": 11, "object_id": "20", "object_repr": "(20): group2257 notification about superusername", "action_flag": 1, "change_message": "[{\"added\": {}}]"}}, {"model": "admin.logentry", "pk": 51, "fields": {"action_time": "2023-04-10T06:03:11.284Z", "user": 1, "content_type": 11, "object_id": "21", "object_repr": "(21): group2257 notification about superusername", "action_flag": 1, "change_message": "[{\"added\": {}}]"}}, {"model": "admin.logentry", "pk": 52, "fields": {"action_time": "2023-04-10T06:03:22.815Z", "user": 1, "content_type": 11, "object_id": "22", "object_repr": "(22): group2257 notification about superusername", "action_flag": 1, "change_message": "[{\"added\": {}}]"}}, {"model": "admin.logentry", "pk": 53, "fields": {"action_time": "2023-04-10T06:03:43.623Z", "user": 1, "content_type": 11, "object_id": "23", "object_repr": "(23): group2257 notification about superusername", "action_flag": 1, "change_message": "[{\"added\": {}}]"}}, {"model": "admin.logentry", "pk": 54, "fields": {"action_time": "2023-04-10T06:17:15.924Z", "user": 1, "content_type": 11, "object_id": "4", "object_repr": "(4): group2257 notification about (4): jacksun's reservation of (9): Apple", "action_flag": 2, "change_message": "[{\"changed\": {\"fields\": [\"Read\"]}}]"}}, {"model": "admin.logentry", "pk": 55, "fields": {"action_time": "2023-04-10T06:17:35.381Z", "user": 1, "content_type": 11, "object_id": "4", "object_repr": "(4): group2257 notification about (4): jacksun's reservation of (9): Apple", "action_flag": 2, "change_message": "[{\"changed\": {\"fields\": [\"Read\"]}}]"}}, {"model": "admin.logentry", "pk": 56, "fields": {"action_time": "2023-04-10T06:19:45.221Z", "user": 1, "content_type": 11, "object_id": "24", "object_repr": "(24): group2257 notification about superusername", "action_flag": 1, "change_message": "[{\"added\": {}}]"}}, {"model": "admin.logentry", "pk": 57, "fields": {"action_time": "2023-04-10T06:22:06.843Z", "user": 1, "content_type": 11, "object_id": "25", "object_repr": "(25): group2257 notification about superusername", "action_flag": 1, "change_message": "[{\"added\": {}}]"}}, {"model": "admin.logentry", "pk": 58, "fields": {"action_time": "2023-04-10T06:22:34.926Z", "user": 1, "content_type": 11, "object_id": "26", "object_repr": "(26): group2257 notification about Changed “(6): LA Living!” — Changed Street address.", "action_flag": 1, "change_message": "[{\"added\": {}}]"}}, {"model": "admin.logentry", "pk": 59, "fields": {"action_time": "2023-04-10T06:22:58.844Z", "user": 1, "content_type": 11, "object_id": "27", "object_repr": "(27): group2257 notification about Changed “(6): LA Living!” — Changed Street address.", "action_flag": 1, "change_message": "[{\"added\": {}}]"}}, {"model": "admin.logentry", "pk": 60, "fields": {"action_time": "2023-04-10T06:23:21.994Z", "user": 1, "content_type": 11, "object_id": "28", "object_repr": "(28): group2257 notification about Changed “(6): LA Living!” — Changed Street address.", "action_flag": 1, "change_message": "[{\"added\": {}}]"}}, {"model": "admin.logentry", "pk": 61, "fields": {"action_time": "2023-04-10T06:23:42.282Z", "user": 1, "content_type": 11, "object_id": "29", "object_repr": "(29): group2257 notification about admin | log entry | Can add log entry", "action_flag": 1, "change_message": "[{\"added\": {}}]"}}, {"model": "admin.logentry", "pk": 62, "fields": {"action_time": "2023-04-10T06:23:59.776Z", "user": 1, "content_type": 11, "object_id": "30", "object_repr": "(30): group2257 notification about Changed “(5): University of Toronto” — Changed Street address.", "action_flag": 1, "change_message": "[{\"added\": {}}]"}}, {"model": "admin.logentry", "pk": 63, "fields": {"action_time": "2023-04-10T06:24:15.269Z", "user": 1, "content_type": 11, "object_id": "31", "object_repr": "(31): group2257 notification about Changed “(9): Apple” — Changed Name.", "action_flag": 1, "change_message": "[{\"added\": {}}]"}}, {"model": "admin.logentry", "pk": 64, "fields": {"action_time": "2023-04-10T06:24:37.485Z", "user": 1, "content_type": 11, "object_id": "32", "object_repr": "(32): harringtont notification about Changed “(4): jacksun's reservation of (9): Apple” — Changed Expiry date.", "action_flag": 1, "change_message": "[{\"added\": {}}]"}}, {"model": "admin.logentry", "pk": 65, "fields": {"action_time": "2023-04-10T06:24:52.416Z", "user": 1, "content_type": 11, "object_id": "33", "object_repr": "(33): group2257 notification about Changed “(6): LA Living!” — Changed Street address.", "action_flag": 1, "change_message": "[{\"added\": {}}]"}}, {"model": "admin.logentry", "pk": 66, "fields": {"action_time": "2023-04-10T06:25:07.692Z", "user": 1, "content_type": 11, "object_id": "34", "object_repr": "(34): group2257 notification about Changed “(6): LA Living!” — Changed Street address.", "action_flag": 1, "change_message": "[{\"added\": {}}]"}}, {"model": "admin.logentry", "pk": 67, "fields": {"action_time": "2023-04-10T06:25:22.102Z", "user": 1, "content_type": 11, "object_id": "35", "object_repr": "(35): group2257 notification about Changed “(6): LA Living!” — Changed Street address.", "action_flag": 1, "change_message": "[{\"added\": {}}]"}}, {"model": "admin.logentry", "pk": 68, "fields": {"action_time": "2023-04-10T06:25:37.825Z", "user": 1, "content_type": 11, "object_id": "36", "object_repr": "(36): group2257 notification about None", "action_flag": 1, "change_message": "[{\"added\": {}}]"}}, {"model": "admin.logentry", "pk": 69, "fields": {"action_time": "2023-04-10T06:28:39.774Z", "user": 1, "content_type": 11, "object_id": "37", "object_repr": "(37): group2257 notification about admin | log entry | Can add log entry", "action_flag": 1, "change_message": "[{\"added\": {}}]"}}, {"model": "admin.logentry", "pk": 70, "fields": {"action_time": "2023-04-10T06:28:53.682Z", "user": 1, "content_type": 11, "object_id": "38", "object_repr": "(38): group2257 notification about admin | log entry | Can add log entry", "action_flag": 1, "change_message": "[{\"added\": {}}]"}}, {"model": "admin.logentry", "pk": 71, "fields": {"action_time": "2023-04-10T06:31:42.939Z", "user": 1, "content_type": 11, "object_id": "39", "object_repr": "(39): group2257 notification about None", "action_flag": 1, "change_message": "[{\"added\": {}}]"}}, {"model": "admin.logentry", "pk": 72, "fields": {"action_time": "2023-04-10T06:31:59.583Z", "user": 1, "content_type": 11, "object_id": "32", "object_repr": "(32): group2257 notification about Changed “(4): jacksun's reservation of (9): Apple” — Changed Expiry date.", "action_flag": 2, "change_message": "[{\"changed\": {\"fields\": [\"Notifee\"]}}]"}}, {"model": "admin.logentry", "pk": 73, "fields": {"action_time": "2023-04-10T15:57:13.201Z", "user": 1, "content_type": 11, "object_id": "40", "object_repr": "(40): group2257 notification about None", "action_flag": 1, "change_message": "[{\"added\": {}}]"}}, {"model": "admin.logentry", "pk": 74, "fields": {"action_time": "2023-04-10T15:57:31.912Z", "user": 1, "content_type": 11, "object_id": "41", "object_repr": "(41): group2257 notification about Changed “(5): University of Toronto” — Changed Street address.", "action_flag": 1, "change_message": "[{\"added\": {}}]"}}, {"model": "admin.logentry", "pk": 75, "fields": {"action_time": "2023-04-10T16:00:18.590Z", "user": 1, "content_type": 11, "object_id": "40", "object_repr": "(40): group2257 notification about None", "action_flag": 2, "change_message": "[]"}}, {"model": "admin.logentry", "pk": 76, "fields": {"action_time": "2023-04-10T16:00:21.664Z", "user": 1, "content_type": 11, "object_id": "41", "object_repr": "(41): group2257 notification about Changed “(5): University of Toronto” — Changed Street address.", "action_flag": 2, "change_message": "[]"}}, {"model": "admin.logentry", "pk": 77, "fields": {"action_time": "2023-04-10T16:01:43.705Z", "user": 1, "content_type": 11, "object_id": "40", "object_repr": "(40): group2257 notification about None", "action_flag": 2, "change_message": "[{\"changed\": {\"fields\": [\"Read\"]}}]"}}, {"model": "admin.logentry", "pk": 78, "fields": {"action_time": "2023-04-10T16:01:46.700Z", "user": 1, "content_type": 11, "object_id": "41", "object_repr": "(41): group2257 notification about Changed “(5): University of Toronto” — Changed Street address.", "action_flag": 2, "change_message": "[{\"changed\": {\"fields\": [\"Read\"]}}]"}}, {"model": "admin.logentry", "pk": 79, "fields": {"action_time": "2023-04-10T16:03:34.776Z", "user": 1, "content_type": 11, "object_id": "40", "object_repr": "(40): group2257 notification about None", "action_flag": 2, "change_message": "[{\"changed\": {\"fields\": [\"Read\"]}}]"}}, {"model": "admin.logentry", "pk": 80, "fields": {"action_time": "2023-04-10T16:03:37.601Z", "user": 1, "content_type": 11, "object_id": "41", "object_repr": "(41): group2257 notification about Changed “(5): University of Toronto” — Changed Street address.", "action_flag": 2, "change_message": "[{\"changed\": {\"fields\": [\"Read\"]}}]"}}, {"model": "admin.logentry", "pk": 81, "fields": {"action_time": "2023-04-11T18:34:56.230Z", "user": 1, "content_type": 10, "object_id": "6", "object_repr": "(6): jacksun's reservation of (10): Apple Canada", "action_flag": 2, "change_message": "[{\"changed\": {\"fields\": [\"Status\"]}}]"}}, {"model": "admin.logentry", "pk": 82, "fields": {"action_time": "2023-04-11T18:35:01.272Z", "user": 1, "content_type": 10, "object_id": "5", "object_repr": "(5): jacksun's reservation of (10): Apple Canada", "action_flag": 2, "change_message": "[{\"changed\": {\"fields\": [\"Status\"]}}]"}}, {"model": "admin.logentry", "pk": 83, "fields": {"action_time": "2023-04-11T18:35:13.014Z", "user": 1, "content_type": 10, "object_id": "6", "object_repr": "(6): jacksun's reservation of (10): Apple Canada", "action_flag": 2, "change_message": "[{\"changed\": {\"fields\": [\"Status\"]}}]"}}, {"model": "admin.logentry", "pk": 84, "fields": {"action_time": "2023-04-11T18:35:25.876Z", "user": 1, "content_type": 10, "object_id": "6", "object_repr": "(6): jacksun's reservation of (10): Apple Canada", "action_flag": 2, "change_message": "[{\"changed\": {\"fields\": [\"Start date\", \"End date\", \"Expiry date\"]}}]"}}, {"model": "admin.logentry", "pk": 85, "fields": {"action_time": "2023-04-11T18:35:31.827Z", "user": 1, "content_type": 10, "object_id": "6", "object_repr": "(6): jacksun's reservation of (10): Apple Canada", "action_flag": 2, "change_message": "[]"}}, {"model": "admin.logentry", "pk": 86, "fields": {"action_time": "2023-04-11T18:35:35.371Z", "user": 1, "content_type": 10, "object_id": "6", "object_repr": "(6): jacksun's reservation of (10): Apple Canada", "action_flag": 2, "change_message": "[]"}}, {"model": "admin.logentry", "pk": 87, "fields": {"action_time": "2023-04-11T18:35:41.857Z", "user": 1, "content_type": 10, "object_id": "5", "object_repr": "(5): jacksun's reservation of (10): Apple Canada", "action_flag": 2, "change_message": "[]"}}, {"model": "admin.logentry", "pk": 88, "fields": {"action_time": "2023-04-11T18:36:43.729Z", "user": 1, "content_type": 10, "object_id": "6", "object_repr": "(6): jacksun's reservation of (10): Apple Canada", "action_flag": 2, "change_message": "[{\"changed\": {\"fields\": [\"Status\"]}}]"}}, {"model": "admin.logentry", "pk": 89, "fields": {"action_time": "2023-04-11T18:36:58.514Z", "user": 1, "content_type": 10, "object_id": "6", "object_repr": "(6): jacksun's reservation of (10): Apple Canada", "action_flag": 2, "change_message": "[{\"changed\": {\"fields\": [\"Start date\"]}}]"}}, {"model": "admin.logentry", "pk": 90, "fields": {"action_time": "2023-04-11T18:37:25.788Z", "user": 1, "content_type": 10, "object_id": "6", "object_repr": "(6): jacksun's reservation of (10): Apple Canada", "action_flag": 2, "change_message": "[{\"changed\": {\"fields\": [\"Start date\", \"End date\", \"Status\"]}}]"}}, {"model": "admin.logentry", "pk": 91, "fields": {"action_time": "2023-04-12T04:47:56.944Z", "user": 1, "content_type": 13, "object_id": "6", "object_repr": "(6): group2257's comment of (5): jacksun's comment of (9): Apple", "action_flag": 3, "change_message": ""}}, {"model": "admin.logentry", "pk": 92, "fields": {"action_time": "2023-04-12T04:49:17.727Z", "user": 1, "content_type": 13, "object_id": "7", "object_repr": "(7): group2257's comment of (5): jacksun's comment of (9): Apple", "action_flag": 3, "change_message": ""}}, {"model": "auth.permission", "pk": 1, "fields": {"name": "Can add log entry", "content_type": 1, "codename": "add_logentry"}}, {"model": "auth.permission", "pk": 2, "fields": {"name": "Can change log entry", "content_type": 1, "codename": "change_logentry"}}, {"model": "auth.permission", "pk": 3, "fields": {"name": "Can delete log entry", "content_type": 1, "codename": "delete_logentry"}}, {"model": "auth.permission", "pk": 4, "fields": {"name": "Can view log entry", "content_type": 1, "codename": "view_logentry"}}, {"model": "auth.permission", "pk": 5, "fields": {"name": "Can add permission", "content_type": 2, "codename": "add_permission"}}, {"model": "auth.permission", "pk": 6, "fields": {"name": "Can change permission", "content_type": 2, "codename": "change_permission"}}, {"model": "auth.permission", "pk": 7, "fields": {"name": "Can delete permission", "content_type": 2, "codename": "delete_permission"}}, {"model": "auth.permission", "pk": 8, "fields": {"name": "Can view permission", "content_type": 2, "codename": "view_permission"}}, {"model": "auth.permission", "pk": 9, "fields": {"name": "Can add group", "content_type": 3, "codename": "add_group"}}, {"model": "auth.permission", "pk": 10, "fields": {"name": "Can change group", "content_type": 3, "codename": "change_group"}}, {"model": "auth.permission", "pk": 11, "fields": {"name": "Can delete group", "content_type": 3, "codename": "delete_group"}}, {"model": "auth.permission", "pk": 12, "fields": {"name": "Can view group", "content_type": 3, "codename": "view_group"}}, {"model": "auth.permission", "pk": 13, "fields": {"name": "Can add content type", "content_type": 4, "codename": "add_contenttype"}}, {"model": "auth.permission", "pk": 14, "fields": {"name": "Can change content type", "content_type": 4, "codename": "change_contenttype"}}, {"model": "auth.permission", "pk": 15, "fields": {"name": "Can delete content type", "content_type": 4, "codename": "delete_contenttype"}}, {"model": "auth.permission", "pk": 16, "fields": {"name": "Can view content type", "content_type": 4, "codename": "view_contenttype"}}, {"model": "auth.permission", "pk": 17, "fields": {"name": "Can add session", "content_type": 5, "codename": "add_session"}}, {"model": "auth.permission", "pk": 18, "fields": {"name": "Can change session", "content_type": 5, "codename": "change_session"}}, {"model": "auth.permission", "pk": 19, "fields": {"name": "Can delete session", "content_type": 5, "codename": "delete_session"}}, {"model": "auth.permission", "pk": 20, "fields": {"name": "Can view session", "content_type": 5, "codename": "view_session"}}, {"model": "auth.permission", "pk": 21, "fields": {"name": "Can add user", "content_type": 6, "codename": "add_user"}}, {"model": "auth.permission", "pk": 22, "fields": {"name": "Can change user", "content_type": 6, "codename": "change_user"}}, {"model": "auth.permission", "pk": 23, "fields": {"name": "Can delete user", "content_type": 6, "codename": "delete_user"}}, {"model": "auth.permission", "pk": 24, "fields": {"name": "Can view user", "content_type": 6, "codename": "view_user"}}, {"model": "auth.permission", "pk": 25, "fields": {"name": "Can add home", "content_type": 7, "codename": "add_home"}}, {"model": "auth.permission", "pk": 26, "fields": {"name": "Can change home", "content_type": 7, "codename": "change_home"}}, {"model": "auth.permission", "pk": 27, "fields": {"name": "Can delete home", "content_type": 7, "codename": "delete_home"}}, {"model": "auth.permission", "pk": 28, "fields": {"name": "Can view home", "content_type": 7, "codename": "view_home"}}, {"model": "auth.permission", "pk": 29, "fields": {"name": "Can add price", "content_type": 8, "codename": "add_price"}}, {"model": "auth.permission", "pk": 30, "fields": {"name": "Can change price", "content_type": 8, "codename": "change_price"}}, {"model": "auth.permission", "pk": 31, "fields": {"name": "Can delete price", "content_type": 8, "codename": "delete_price"}}, {"model": "auth.permission", "pk": 32, "fields": {"name": "Can view price", "content_type": 8, "codename": "view_price"}}, {"model": "auth.permission", "pk": 33, "fields": {"name": "Can add images", "content_type": 9, "codename": "add_images"}}, {"model": "auth.permission", "pk": 34, "fields": {"name": "Can change images", "content_type": 9, "codename": "change_images"}}, {"model": "auth.permission", "pk": 35, "fields": {"name": "Can delete images", "content_type": 9, "codename": "delete_images"}}, {"model": "auth.permission", "pk": 36, "fields": {"name": "Can view images", "content_type": 9, "codename": "view_images"}}, {"model": "auth.permission", "pk": 37, "fields": {"name": "Can add reservation", "content_type": 10, "codename": "add_reservation"}}, {"model": "auth.permission", "pk": 38, "fields": {"name": "Can change reservation", "content_type": 10, "codename": "change_reservation"}}, {"model": "auth.permission", "pk": 39, "fields": {"name": "Can delete reservation", "content_type": 10, "codename": "delete_reservation"}}, {"model": "auth.permission", "pk": 40, "fields": {"name": "Can view reservation", "content_type": 10, "codename": "view_reservation"}}, {"model": "auth.permission", "pk": 41, "fields": {"name": "Can add notification", "content_type": 11, "codename": "add_notification"}}, {"model": "auth.permission", "pk": 42, "fields": {"name": "Can change notification", "content_type": 11, "codename": "change_notification"}}, {"model": "auth.permission", "pk": 43, "fields": {"name": "Can delete notification", "content_type": 11, "codename": "delete_notification"}}, {"model": "auth.permission", "pk": 44, "fields": {"name": "Can view notification", "content_type": 11, "codename": "view_notification"}}, {"model": "auth.permission", "pk": 45, "fields": {"name": "Can add comment", "content_type": 12, "codename": "add_comment"}}, {"model": "auth.permission", "pk": 46, "fields": {"name": "Can change comment", "content_type": 12, "codename": "change_comment"}}, {"model": "auth.permission", "pk": 47, "fields": {"name": "Can delete comment", "content_type": 12, "codename": "delete_comment"}}, {"model": "auth.permission", "pk": 48, "fields": {"name": "Can view comment", "content_type": 12, "codename": "view_comment"}}, {"model": "auth.permission", "pk": 49, "fields": {"name": "Can add response", "content_type": 13, "codename": "add_response"}}, {"model": "auth.permission", "pk": 50, "fields": {"name": "Can change response", "content_type": 13, "codename": "change_response"}}, {"model": "auth.permission", "pk": 51, "fields": {"name": "Can delete response", "content_type": 13, "codename": "delete_response"}}, {"model": "auth.permission", "pk": 52, "fields": {"name": "Can view response", "content_type": 13, "codename": "view_response"}}, {"model": "contenttypes.contenttype", "pk": 1, "fields": {"app_label": "admin", "model": "logentry"}}, {"model": "contenttypes.contenttype", "pk": 2, "fields": {"app_label": "auth", "model": "permission"}}, {"model": "contenttypes.contenttype", "pk": 3, "fields": {"app_label": "auth", "model": "group"}}, {"model": "contenttypes.contenttype", "pk": 4, "fields": {"app_label": "contenttypes", "model": "contenttype"}}, {"model": "contenttypes.contenttype", "pk": 5, "fields": {"app_label": "sessions", "model": "session"}}, {"model": "contenttypes.contenttype", "pk": 6, "fields": {"app_label": "account", "model": "user"}}, {"model": "contenttypes.contenttype", "pk": 7, "fields": {"app_label": "homes", "model": "home"}}, {"model": "contenttypes.contenttype", "pk": 8, "fields": {"app_label": "homes", "model": "price"}}, {"model": "contenttypes.contenttype", "pk": 9, "fields": {"app_label": "homes", "model": "images"}}, {"model": "contenttypes.contenttype", "pk": 10, "fields": {"app_label": "homes", "model": "reservation"}}, {"model": "contenttypes.contenttype", "pk": 11, "fields": {"app_label": "notifications", "model": "notification"}}, {"model": "contenttypes.contenttype", "pk": 12, "fields": {"app_label": "comments", "model": "comment"}}, {"model": "contenttypes.contenttype", "pk": 13, "fields": {"app_label": "comments", "model": "response"}}, {"model": "sessions.session", "pk": "fpus4mjl2nhxz6tlszjto2943kd3wdo7", "fields": {"session_data": ".eJxVjEEOwiAQRe_C2pCBKS24dO8ZyMxApWpoUtqV8e7apAvd_vfef6lI21ri1vISp6TOyqjT78Ykj1x3kO5Ub7OWua7LxHpX9EGbvs4pPy-H-3dQqJVvDcx27NA5j31yQTKBDxY5oB84k3TsIRECBrCuT0bMaLNHgkGs2ADq_QHVBjdf:1plhMA:w3Yse8ZajYt_fQoABYqbLljgT_RBg7m357nE1jAD_Tc", "expire_date": "2023-04-24T02:34:10.965Z"}}, {"model": "sessions.session", "pk": "hljsj03v7xjci44femrnrxsm0fgfcfa7", "fields": {"session_data": ".eJxVjEEOwiAQRe_C2pCBKS24dO8ZyMxApWpoUtqV8e7apAvd_vfef6lI21ri1vISp6TOyqjT78Ykj1x3kO5Ub7OWua7LxHpX9EGbvs4pPy-H-3dQqJVvDcx27NA5j31yQTKBDxY5oB84k3TsIRECBrCuT0bMaLNHgkGs2ADq_QHVBjdf:1pbUJI:mfOHm3_EjwndsqP34i48P8z4GB6JIceyWKyotCj_TMo", "expire_date": "2023-03-26T22:37:00.920Z"}}, {"model": "sessions.session", "pk": "x9squgv5jvw4qpvyitio303qet17ckui", "fields": {"session_data": ".eJxVjEEOwiAQRe_C2pCBKS24dO8ZyMxApWpoUtqV8e7apAvd_vfef6lI21ri1vISp6TOyqjT78Ykj1x3kO5Ub7OWua7LxHpX9EGbvs4pPy-H-3dQqJVvDcx27NA5j31yQTKBDxY5oB84k3TsIRECBrCuT0bMaLNHgkGs2ADq_QHVBjdf:1pltso:P0Bg1lT8JZAQuhCbeQk3vvODNTieBB8nvYup57t7IJM", "expire_date": "2023-04-24T15:56:42.262Z"}}, {"model": "sessions.session", "pk": "xwelg6t0r6ku2udeusi2fkok9mcplcut", "fields": {"session_data": ".eJxVjEEOwiAQRe_C2pCBKS24dO8ZyMxApWpoUtqV8e7apAvd_vfef6lI21ri1vISp6TOyqjT78Ykj1x3kO5Ub7OWua7LxHpX9EGbvs4pPy-H-3dQqJVvDcx27NA5j31yQTKBDxY5oB84k3TsIRECBrCuT0bMaLNHgkGs2ADq_QHVBjdf:1phhRk:dGER9iluha0M31kt9ntsldDW3Jrr-jaPJXV1HR_D9z0", "expire_date": "2023-04-13T01:51:24.183Z"}}, {"model": "account.user", "pk": 1, "fields": {"password": "pbkdf2_sha256$390000$QwKXgRrwvfhs7yabgmUtn5$WFl4/F0SpGtKdqMZZv6NbXrSTnR2ZyfKSqFU3xCQD84=", "last_login": "2023-04-10T15:56:42.259Z", "is_superuser": true, "username": "superusername", "first_name": "", "last_name": "", "email": "", "is_staff": true, "is_active": true, "date_joined": "2023-03-12T22:35:52.607Z", "phone": "", "about": "", "rating_sum": 0, "rating_number": 0, "profile_pic": "profile/default.jpg", "groups": [], "user_permissions": []}}, {"model": "account.user", "pk": 2, "fields": {"password": "pbkdf2_sha256$390000$zLLxTWY66EN0XUsGxg5bB3$KELdamkxvvTYCk+jKmQbVeATeyNgZRSvRplP39nR2sw=", "last_login": null, "is_superuser": false, "username": "billyjoel", "first_name": "Billy", "last_name": "Joel", "email": "", "is_staff": false, "is_active": true, "date_joined": "2023-03-12T22:39:12.708Z", "phone": "", "about": "", "rating_sum": 0, "rating_number": 0, "profile_pic": "profile/default.jpg", "groups": [], "user_permissions": []}}, {"model": "account.user", "pk": 3, "fields": {"password": "pbkdf2_sha256$390000$ExfppY8011IpJWEFuR21mJ$rAf2G6JpR1oU2RuiH7E7/ZFu2eUf+1U/v+2PjILUEXs=", "last_login": null, "is_superuser": false, "username": "brakence", "first_name": "Randy", "last_name": "Brakence", "email": "", "is_staff": false, "is_active": true, "date_joined": "2023-03-12T22:44:51.640Z", "phone": "", "about": "", "rating_sum": 0, "rating_number": 0, "profile_pic": "profile/default.jpg", "groups": [], "user_permissions": []}}, {"model": "account.user", "pk": 4, "fields": {"password": "pbkdf2_sha256$390000$wpB4bdODCbcJBk3SomZDZv$BOFkQPsP6VHBSQJpKPCMG/XSUnmABrpPrKMytvb5VbQ=", "last_login": null, "is_superuser": false, "username": "group2257", "first_name": "Group", "last_name": "2257", "email": "", "is_staff": false, "is_active": true, "date_joined": "2023-03-12T22:46:44.469Z", "phone": "", "about": "", "rating_sum": 0, "rating_number": 0, "profile_pic": "profile/default.jpg", "groups": [], "user_permissions": []}}, {"model": "account.user", "pk": 5, "fields": {"password": "pbkdf2_sha256$390000$6wz9eaPATgR8Rtg5sCHSGy$L1H1Xh6tBL/GauAsCfCCC1k8I/Y2wPJFWHJUOLAxV/U=", "last_login": null, "is_superuser": false, "username": "jacksun", "first_name": "Jack", "last_name": "Sun", "email": "", "is_staff": false, "is_active": true, "date_joined": "2023-03-12T22:47:29.797Z", "phone": "", "about": "", "rating_sum": 0, "rating_number": 0, "profile_pic": "profile/default.jpg", "groups": [], "user_permissions": []}}, {"model": "account.user", "pk": 6, "fields": {"password": "pbkdf2_sha256$390000$k4vwtZbe9QKvNjVRF9Pzmw$HDoqnc+DZQ395m6ZWJc78Oba+GAMx9zJu8KzBHSfkZM=", "last_login": null, "is_superuser": false, "username": "harringtont", "first_name": "Tomas", "last_name": "Harrington", "email": "t.harrington@mail.utoronto.ca", "is_staff": false, "is_active": true, "date_joined": "2023-03-13T21:09:47.534Z", "phone": "", "about": "", "rating_sum": 0, "rating_number": 0, "profile_pic": "profile/default.jpg", "groups": [], "user_permissions": []}}, {"model": "account.user", "pk": 7, "fields": {"password": "pbkdf2_sha256$390000$7IzhxoLRIeW3V5ZnfIIGLm$/zpUAlydhcwET2OuFj8WEtUSaMjWNrKbYSFFInk5w00=", "last_login": null, "is_superuser": false, "username": "NewUser", "first_name": "User", "last_name": "McUserson", "email": "newuser.email@example.com", "is_staff": false, "is_active": true, "date_joined": "2023-04-08T21:12:38.496Z", "phone": "1234567890", "about": "", "rating_sum": 0, "rating_number": 0, "profile_pic": "profile/default.jpg", "groups": [], "user_permissions": []}}, {"model": "homes.home", "pk": 1, "fields": {"name": "Waterfront Cabin", "description": "", "baths": 2, "beds": 4, "guests": 6, "street_address": "1 Spadina Street", "city": "Toronto", "state": "Ontario", "country": "Canada", "date_added": "2023-03-12T22:53:27.443Z", "image": "homes/default.png", "owner": 5, "rating_sum": 0, "rating_number": 0}}, {"model": "homes.home", "pk": 2, "fields": {"name": "Cozy Toronto Stay", "description": "", "baths": 1, "beds": 2, "guests": 3, "street_address": "200 Bathurst Street", "city": "Toronto", "state": "Ontario", "country": "Canada", "date_added": "2023-03-12T22:53:57.300Z", "image": "homes/default.png", "owner": 5, "rating_sum": 0, "rating_number": 0}}, {"model": "homes.home", "pk": 3, "fields": {"name": "Midtown stay", "description": "", "baths": 10, "beds": 10, "guests": 20, "street_address": "45 Dupont Street", "city": "Toronto", "state": "Ontario", "country": "Canada", "date_added": "2023-03-12T22:55:12.938Z", "image": "homes/default.png", "owner": 5, "rating_sum": 0, "rating_number": 0}}, {"model": "homes.home", "pk": 4, "fields": {"name": "CN Tower Stay", "description": "", "baths": 1, "beds": 1, "guests": 1, "street_address": "209 Bremner Blvd", "city": "Toronto", "state": "Ontario", "country": "Canada", "date_added": "2023-03-12T22:55:59.211Z", "image": "homes/default.png", "owner": 5, "rating_sum": 0, "rating_number": 0}}, {"model": "homes.home", "pk": 5, "fields": {"name": "University of Toronto", "description": "", "baths": 200, "beds": 30000, "guests": 61690, "street_address": "27 King's College Circle", "city": "Toronto", "state": "Ontario", "country": "Canada", "date_added": "2023-03-12T22:57:28.806Z", "image": "homes/default.png", "owner": 5, "rating_sum": 0, "rating_number": 0}}, {"model": "homes.home", "pk": 6, "fields": {"name": "LA Living!", "description": "", "baths": 2, "beds": 3, "guests": 6, "street_address": "1 Rodeo Drive", "city": "Los Angeles", "state": "California", "country": "USA", "date_added": "2023-03-12T22:58:24.418Z", "image": "homes/default.png", "owner": 4, "rating_sum": 0, "rating_number": 0}}, {"model": "homes.home", "pk": 7, "fields": {"name": "Sunset Stay in LA", "description": "", "baths": 3, "beds": 5, "guests": 10, "street_address": "Sunset Boulevard", "city": "Los Angeles", "state": "California", "country": "USA", "date_added": "2023-03-12T23:00:11.287Z", "image": "homes/default.png", "owner": 4, "rating_sum": 0, "rating_number": 0}}, {"model": "homes.home", "pk": 8, "fields": {"name": "Small Stay with the Stars", "description": "", "baths": 1, "beds": 2, "guests": 2, "street_address": "Hollywood Boulevard", "city": "Los Angeles", "state": "California", "country": "USA", "date_added": "2023-03-12T23:00:45.677Z", "image": "homes/default.png", "owner": 4, "rating_sum": 0, "rating_number": 0}}, {"model": "homes.home", "pk": 9, "fields": {"name": "Apple", "description": "", "baths": 200, "beds": 300, "guests": 40000, "street_address": "1 Apple Park Way", "city": "Cupertino", "state": "California", "country": "USA", "date_added": "2023-03-12T23:01:46.673Z", "image": "homes/default.png", "owner": 4, "rating_sum": 5, "rating_number": 1}}, {"model": "homes.home", "pk": 10, "fields": {"name": "Apple Canada", "description": "", "baths": 10, "beds": 10, "guests": 20, "street_address": "120 Bremner Blvd", "city": "Toronto", "state": "Ontario", "country": "Canada", "date_added": "2023-03-12T23:02:54.663Z", "image": "homes/default.png", "owner": 4, "rating_sum": 0, "rating_number": 0}}, {"model": "homes.home", "pk": 11, "fields": {"name": "An Ohio Classic", "description": "", "baths": 2, "beds": 3, "guests": 6, "street_address": "10 Quality Drive", "city": "Remington", "state": "Ohio", "country": "USA", "date_added": "2023-03-12T23:04:31.532Z", "image": "homes/default.png", "owner": 3, "rating_sum": 0, "rating_number": 0}}, {"model": "homes.home", "pk": 12, "fields": {"name": "Ohio Living", "description": "", "baths": 2, "beds": 3, "guests": 4, "street_address": "35 Loveland Madeira Road", "city": "Remington", "state": "Ohio", "country": "USA", "date_added": "2023-03-12T23:05:08.572Z", "image": "homes/default.png", "owner": 3, "rating_sum": 0, "rating_number": 0}}, {"model": "homes.home", "pk": 13, "fields": {"name": "Downtown Cincinnati", "description": "", "baths": 2, "beds": 3, "guests": 4, "street_address": "64 Scott Street", "city": "Cincinnati", "state": "Ohio", "country": "USA", "date_added": "2023-03-12T23:06:05.491Z", "image": "homes/default.png", "owner": 3, "rating_sum": 0, "rating_number": 0}}, {"model": "homes.home", "pk": 14, "fields": {"name": "Great Home Trust Me", "description": "", "baths": 2, "beds": 2, "guests": 3, "street_address": "22 Mound Street", "city": "Cincinnati", "state": "Ohio", "country": "USA", "date_added": "2023-03-12T23:07:01.197Z", "image": "homes/default.png", "owner": 3, "rating_sum": 0, "rating_number": 0}}, {"model": "homes.home", "pk": 15, "fields": {"name": "Come Stay with Billy Joel", "description": "", "baths": 5, "beds": 4, "guests": 1, "street_address": "1 Bayville Avenue", "city": "Bayville", "state": "New York", "country": "USA", "date_added": "2023-03-12T23:09:21.066Z", "image": "homes/default.png", "owner": 2, "rating_sum": 0, "rating_number": 0}}, {"model": "homes.home", "pk": 17, "fields": {"name": "Availibility Demo", "description": "", "baths": 1, "beds": 1, "guests": 2, "street_address": "2 Grosvenor street", "city": "Toronto", "state": "ontario", "country": "canada", "date_added": "2023-03-13T21:36:12.539Z", "image": "homes/default.png", "owner": 6, "rating_sum": 0, "rating_number": 0}}, {"model": "homes.price", "pk": 1, "fields": {"home": 1, "price": 98.0, "start_date": "2023-03-12", "end_date": "2026-12-25"}}, {"model": "homes.price", "pk": 2, "fields": {"home": 2, "price": 103.0, "start_date": "2023-03-12", "end_date": "2026-12-25"}}, {"model": "homes.price", "pk": 3, "fields": {"home": 3, "price": 202.0, "start_date": "2023-03-12", "end_date": "2026-12-25"}}, {"model": "homes.price", "pk": 4, "fields": {"home": 4, "price": 500.0, "start_date": "2023-03-12", "end_date": "2026-12-25"}}, {"model": "homes.price", "pk": 5, "fields": {"home": 5, "price": 6000.0, "start_date": "2023-03-12", "end_date": "2026-12-25"}}, {"model": "homes.price", "pk": 6, "fields": {"home": 6, "price": 300.0, "start_date": "2023-03-12", "end_date": "2024-03-12"}}, {"model": "homes.price", "pk": 7, "fields": {"home": 7, "price": 256.0, "start_date": "2023-03-12", "end_date": "2024-03-12"}}, {"model": "homes.price", "pk": 8, "fields": {"home": 8, "price": 304.0, "start_date": "2023-03-12", "end_date": "2024-03-12"}}, {"model": "homes.price", "pk": 9, "fields": {"home": 9, "price": 1000.0, "start_date": "2023-03-12", "end_date": "2024-03-12"}}, {"model": "homes.price", "pk": 10, "fields": {"home": 10, "price": 750.0, "start_date": "2023-03-12", "end_date": "2024-03-12"}}, {"model": "homes.price", "pk": 11, "fields": {"home": 11, "price": 50.0, "start_date": "2023-03-12", "end_date": "2068-03-12"}}, {"model": "homes.price", "pk": 12, "fields": {"home": 12, "price": 68.0, "start_date": "2023-03-12", "end_date": "2068-03-12"}}, {"model": "homes.price", "pk": 13, "fields": {"home": 13, "price": 70.0, "start_date": "2023-03-12", "end_date": "2068-03-12"}}, {"model": "homes.price", "pk": 14, "fields": {"home": 14, "price": 96.0, "start_date": "2023-03-12", "end_date": "2068-03-12"}}, {"model": "homes.price", "pk": 15, "fields": {"home": 15, "price": 96.0, "start_date": "2023-03-12", "end_date": "2023-04-12"}}, {"model": "homes.images", "pk": 1, "fields": {"home": 17, "image": "home_images/zbotw-desktop.jpg", "alt": ""}}, {"model": "homes.images", "pk": 3, "fields": {"home": 10, "image": "home_images/pexels-vecislavas-popa-1571460.jpg", "alt": ""}}, {"model": "homes.images", "pk": 4, "fields": {"home": 10, "image": "home_images/House_Calls_Brooklyn_Zames_Williams_living_room_2_Matthew_Williams.jpg", "alt": ""}}, {"model": "homes.images", "pk": 5, "fields": {"home": 10, "image": "home_images/GettyImages-523468730.jpg", "alt": ""}}, {"model": "homes.images", "pk": 6, "fields": {"home": 10, "image": "home_images/priors-crescent-living-room-haus-interiors-show-home-1602462623.jpg", "alt": ""}}, {"model": "homes.images", "pk": 7, "fields": {"home": 10, "image": "home_images/modernist-decor-inspiration-01.jpg.webp", "alt": ""}}, {"model": "homes.images", "pk": 8, "fields": {"home": 10, "image": "home_images/IMG_1995.jpeg", "alt": ""}}, {"model": "homes.images", "pk": 9, "fields": {"home": 10, "image": "home_images/property_1_kitchen.jpeg", "alt": ""}}, {"model": "homes.reservation", "pk": 1, "fields": {"home": 1, "renter": 2, "start_date": "2023-03-13", "end_date": "2023-03-19", "expiry_date": "2023-03-12", "status": 2}}, {"model": "homes.reservation", "pk": 2, "fields": {"home": 2, "renter": 3, "start_date": "2023-03-13", "end_date": "2023-03-15", "expiry_date": "2023-03-12", "status": 0}}, {"model": "homes.reservation", "pk": 3, "fields": {"home": 3, "renter": 3, "start_date": "2023-06-02", "end_date": "2023-06-18", "expiry_date": "2023-05-13", "status": 0}}, {"model": "homes.reservation", "pk": 4, "fields": {"home": 9, "renter": 5, "start_date": "2023-03-10", "end_date": "2023-03-11", "expiry_date": "2023-03-10", "status": 7}}, {"model": "homes.reservation", "pk": 5, "fields": {"home": 10, "renter": 5, "start_date": "2023-11-11", "end_date": "2023-11-12", "expiry_date": "2023-09-11", "status": 0}}, {"model": "homes.reservation", "pk": 6, "fields": {"home": 10, "renter": 5, "start_date": "2023-04-11", "end_date": "2023-05-12", "expiry_date": "2023-04-11", "status": 2}}, {"model": "homes.reservation", "pk": 7, "fields": {"home": 17, "renter": 5, "start_date": "2023-03-14", "end_date": "2023-03-15", "expiry_date": "2023-03-13", "status": 1}}, {"model": "homes.reservation", "pk": 8, "fields": {"home": 10, "renter": 7, "start_date": "2023-05-20", "end_date": "2023-05-22", "expiry_date": "2023-04-14", "status": 0}}, {"model": "homes.reservation", "pk": 9, "fields": {"home": 10, "renter": 7, "start_date": "2023-05-23", "end_date": "2023-05-25", "expiry_date": "2023-04-14", "status": 0}}, {"model": "homes.reservation", "pk": 10, "fields": {"home": 10, "renter": 7, "start_date": "2023-05-26", "end_date": "2023-05-29", "expiry_date": "2023-04-14", "status": 0}}, {"model": "homes.reservation", "pk": 11, "fields": {"home": 10, "renter": 7, "start_date": "2023-05-30", "end_date": "2023-05-31", "expiry_date": "2023-04-14", "status": 0}}, {"model": "homes.reservation", "pk": 12, "fields": {"home": 10, "renter": 4, "start_date": "2023-05-10", "end_date": "2023-05-19", "expiry_date": "2023-04-14", "status": 0}}, {"model": "notifications.notification", "pk": 12, "fields": {"message": "New reservation for Availibility Demo from 2023-03-14 to 2023-03-15", "content_type": 10, "object_id": 7, "notifee": 6, "notif_link": "http://127.0.0.1:8000/homes/17/reservations/7/details/", "date": "2023-04-10T04:12:31.741Z", "read": false}}, {"model": "notifications.notification", "pk": 42, "fields": {"message": "New reservation for Apple Canada from 2023-05-20 to 2023-05-22", "content_type": 10, "object_id": 8, "notifee": 4, "notif_link": "http://127.0.0.1:8000/homes/10/reservations/8/details/", "date": "2023-04-11T20:23:50.666Z", "read": false}}, {"model": "notifications.notification", "pk": 43, "fields": {"message": "New reservation for Apple Canada from 2023-05-23 to 2023-05-25", "content_type": 10, "object_id": 9, "notifee": 4, "notif_link": "http://127.0.0.1:8000/homes/10/reservations/9/details/", "date": "2023-04-11T20:27:54.004Z", "read": false}}, {"model": "notifications.notification", "pk": 44, "fields": {"message": "New reservation for Apple Canada from 2023-05-26 to 2023-05-29", "content_type": 10, "object_id": 10, "notifee": 4, "notif_link": "http://127.0.0.1:8000/homes/10/reservations/10/details/", "date": "2023-04-11T20:28:14.424Z", "read": false}}, {"model": "notifications.notification", "pk": 45, "fields": {"message": "New reservation for Apple Canada from 2023-05-30 to 2023-05-31", "content_type": 10, "object_id": 11, "notifee": 4, "notif_link": "http://127.0.0.1:8000/homes/10/reservations/11/details/", "date": "2023-04-11T20:36:24.732Z", "read": false}}, {"model": "notifications.notification", "pk": 46, "fields": {"message": "New reservation for Apple Canada from 2023-05-10 to 2023-05-19", "content_type": 10, "object_id": 12, "notifee": 4, "notif_link": "http://127.0.0.1:8000/homes/10/reservations/12/details/", "date": "2023-04-12T01:35:11.930Z", "read": false}}, {"model": "comments.comment", "pk": 1, "fields": {"rating": 5, "message": "What a great place to stay", "content_type": 7, "object_id": 9, "comentee": 5}}, {"model": "comments.comment", "pk": 2, "fields": {"rating": 0, "message": "You were a great guest", "content_type": 6, "object_id": 5, "comentee": 4}}, {"model": "comments.comment", "pk": 5, "fields": {"rating": 0, "message": "HAHAHA", "content_type": 7, "object_id": 9, "comentee": 5}}, {"model": "comments.response", "pk": 1, "fields": {"message": "Thanks for Staying!", "content_type": 12, "object_id": 1, "comentee": 4, "comment": 1, "level": 0}}, {"model": "comments.response", "pk": 8, "fields": {"message": "Hey this is my response yo", "content_type": 12, "object_id": 5, "comentee": 4, "comment": 5, "level": 0}}, {"model": "comments.response", "pk": 9, "fields": {"message": "It was my pleasure", "content_type": 13, "object_id": 1, "comentee": 5, "comment": 1, "level": 1}}, {"model": "comments.response", "pk": 10, "fields": {"message": "You were a great host", "content_type": 13, "object_id": 9, "comentee": 4, "comment": 1, "level": 2}}, {"model": "comments.response", "pk": 11, "fields": {"message": "Wait what, you were the host", "content_type": 13, "object_id": 10, "comentee": 5, "comment": 1, "level": 3}}, {"model": "comments.response", "pk": 12, "fields": {"message": "Was I really?", "content_type": 13, "object_id": 11, "comentee": 4, "comment": 1, "level": 4}}, {"model": "comments.response", "pk": 13, "fields": {"message": "YES YOU WERE!", "content_type": 13, "object_id": 12, "comentee": 5, "comment": 1, "level": 5}}, {"model": "comments.response", "pk": 14, "fields": {"message": "Huh, that's strange. I don't recall", "content_type": 13, "object_id": 13, "comentee": 4, "comment": 1, "level": 6}}, {"model": "comments.response", "pk": 15, "fields": {"message": "Really, you don't remember hosting my whole fucking family dude", "content_type": 13, "object_id": 14, "comentee": 5, "comment": 1, "level": 7}}, {"model": "comments.response", "pk": 16, "fields": {"message": "No, I really don't", "content_type": 13, "object_id": 15, "comentee": 4, "comment": 1, "level": 8}}, {"model": "comments.response", "pk": 17, "fields": {"message": "Wow, i take it back, you suck", "content_type": 13, "object_id": 16, "comentee": 5, "comment": 1, "level": 9}}, {"model": "comments.response", "pk": 18, "fields": {"message": "I suck? Really? You trashed the place I was being nice!", "content_type": 13, "object_id": 17, "comentee": 4, "comment": 1, "level": 10}}, {"model": "comments.response", "pk": 19, "fields": {"message": "Fine, whatever you say boss", "content_type": 13, "object_id": 18, "comentee": 5, "comment": 1, "level": 11}}, {"model": "comments.response", "pk": 20, "fields": {"message": "And this is mine yo", "content_type": 13, "object_id": 8, "comentee": 5, "comment": 5, "level": 1}}, {"model": "comments.response", "pk": 21, "fields": {"message": "Whatever I SAY? I am the host!", "content_type": 13, "object_id": 19, "comentee": 4, "comment": 1, "level": 12}}]